entry_number,text
1,"
In the dim light of the library, Clara sat hunched over a weathered tome, the musty scent of parchment enveloping her. Sunlight streamed through the tall windows, casting ethereal patterns on the floor, illuminating the dust motes dancing in the air. She brushed a stray strand of hair behind her ear, lost in the tales of history that felt more like her own than mere facts on a page.
<para_break>
Suddenly, a soft rustle broke the silence. Clara looked up, startled. Before her stood a figure clad in a flowing gown, hair adorned with a delicate crown. “Another day, another book? You must truly be in love with these dusty relics,” the ghost of Anne Boleyn said, a smirk dancing on her lips.
<para_break>
Clara’s heart raced. “You—you’re Anne Boleyn,” she stammered, eyes wide.
<para_break>
“The one and only,” Anne replied with a playful wink. “Now tell me, dear Clara, do you plan to marry one of these books? They certainly seem to have your heart.” Clara laughed nervously, her cheeks flushing. “No, but they offer more comfort than people do.”
<para_break>
As the sunlight bathed the room in warmth, Clara and Anne settled into a conversation, the atmosphere charged with an unusual familiarity.
<para_break>
“Tell me, what weighs on your mind, dear girl?” Anne inquired, her tone shifting to something more serious.
<para_break>
“I just… I feel like I’m drowning,” Clara admitted, the words spilling out. “Everyone thinks I’m wasting my life on history. My friend Sophie says I need to focus on ‘real’ pursuits, but how can I when I feel so connected to the past?”
<para_break>
Anne leaned closer, her expression softening. “Ah, but the past shapes the present, does it not? My own legacy is one of ambition and betrayal, but it is also a story of survival. It resonates with your struggles, I can see.”
<para_break>
Clara nodded, her gaze dropping to the floor. “But it feels like a curse. Everyone remembers how I failed, not how I fought for my place in history.”
<para_break>
“You must forge your own path, Clara. Your story is yet to be written,” Anne encouraged, the urgency in her voice growing.
<para_break>
The scene shifted as Clara’s memories surged forth, pulling her back to her childhood bedroom, filled with awards and posters of historical figures. The familiar laughter of Sophie echoed in her mind, turning into a sharp confrontation.
<para_break>
“Why are you so obsessed with these old queens?” Sophie had said, arms crossed and brow furrowed. “You need to focus on what’s ahead, not what’s behind!”
<para_break>
Clara had felt the sting of those words, an unsettling mix of anger and hurt swirling within her. “I’m not obsessed! I want to understand them—to learn from them!” she had retorted, feeling her voice rise in frustration.
<para_break>
Sophie sighed, her expression softening slightly. “I just don’t want you to end up alone, Clara. The world doesn’t care about your history books.”
<para_break>
The memory faded, leaving Clara with a gnawing sense of inadequacy.
<para_break>
Back in the library, Clara’s fingers grazed the surface of an old desk, her heart racing as she noticed a hidden compartment. Driven by an impulse she couldn’t explain, she pried it open, revealing a yellowed letter tucked inside.
<para_break>
“Dear reader,” she read aloud, her breath hitching, “you may find my story tragic, but it is also one of strength. I lived for love, but I fought for my voice. You must do the same, dear Clara.”
<para_break>
As she read on, Anne’s presence grew more somber, the air thick with history. “I was a woman of ambition in a world that sought to silence me,” Anne reflected, her voice a whisper. “You too can break free from those shackles.”
<para_break>
Clara’s heart raced, the weight of Anne’s words resonating deeply. “But how?” she asked, desperation creeping into her voice.
<para_break>
“Embrace your truth, Clara. Let your voice echo through time, just as mine has,” Anne urged, the urgency palpable.
<para_break>
The library transformed, the oppressive shadows lifting as Clara stood on the balcony overlooking the sprawling gardens, the sun casting a golden hue across the landscape.
<para_break>
“Anne,” Clara began, her voice steadying, “I want to reclaim my narrative. I want to write about women like you—women who fought for their stories to be told.”
<para_break>
Anne smiled, a glimmer of pride shining in her eyes. “Then do it, my dear. Your voice is powerful; let it resonate. You are more than your fears.”
<para_break>
Clara felt a warmth spread through her chest, the weight of her insecurities lifting. She knew the road ahead wouldn’t be easy, but for the first time, she felt empowered to embrace her identity and passions without shame.
<para_break>
As she turned to Anne, the ghostly figure began to fade, but not before leaving Clara with a final piece of advice. “Survive, thrive, and never forget the strength within you.”
<para_break>
With renewed determination, Clara took a deep breath, ready to step into her future, where history would no longer haunt her but inspire her to become the woman she was meant to be.
<para_break>
As the last echoes of Anne’s presence faded, Clara turned to the stacks of books, the stories of countless women waiting to be told. In that moment, she knew she would write her own tale—one of survival, resilience, and the power of embracing the past.
"
2,"
The forest was alive with sounds—chirping birds, rustling leaves, the distant howl of the wind. Jake trekked deeper into the woods, his boots crunching against the undergrowth. His backpack was heavy, but it held all the supplies he needed for the weekend. He was searching for solitude, for a break from the noise of the city.
<para_break>
As he rounded a bend, he caught sight of a small cabin. It was old, weathered by time, but it looked inviting. A thin wisp of smoke curled up from the chimney.
<para_break>
Jake approached cautiously, wondering if anyone was inside. He knocked on the door, but there was no answer. Feeling a bit uneasy, he pushed the door open. Inside, the room was sparse but cozy—an old armchair sat by the fire, and a table was set with two chairs. He set his backpack down and sat in the armchair, the warmth from the fire seeping into his bones.
<para_break>
Time passed slowly. The sun began to set, casting long shadows across the forest. Jake heard the sound of footsteps outside, soft but unmistakable. His heart raced as he stood up, unsure of what to expect. The door creaked open, and a figure stepped inside, their face hidden in shadow.
"
3,"
Tim’s fingers hovered over the keyboard. He had been staring at the blank screen for hours, waiting for inspiration to strike. He was supposed to be working on his novel, but nothing seemed to come to mind.
<para_break>
He sighed and stood up, pacing around his small apartment. The walls felt like they were closing in on him. Outside, the city buzzed with life, but inside, it was quiet—too quiet.
<para_break>
Tim grabbed his coat and headed out the door. The cold air hit him as soon as he stepped outside, but he welcomed the change. He walked aimlessly through the streets, his mind wandering.
<para_break>
At a small café, he ordered a coffee and sat by the window, watching people pass by. As he took a sip, he noticed a woman sitting across from him, typing furiously on her laptop. He smiled, feeling a twinge of envy. At least she had something to write.
"
4,"
The waves crashed against the shore, their rhythm steady and unchanging. Maria stood at the edge of the water, her toes sinking into the wet sand. She had come to the beach to clear her mind, but the vastness of the ocean only made her feel smaller.
<para_break>
She closed her eyes and breathed in the salty air, letting it fill her lungs. The sound of the waves was soothing, but it couldn’t drown out the thoughts racing through her mind.
<para_break>
Maria had always been a planner—she liked to know what was coming next. But lately, life had thrown too many curveballs her way, and she was struggling to keep up.
<para_break>
She opened her eyes and gazed out at the horizon. The ocean seemed endless, stretching on forever. It was both terrifying and comforting at the same time. With a deep breath, Maria turned and walked back to her car, ready to face whatever came next.
"
